Peptide_sequence,Timestamp
WWQNLWCNYFIPKCI,2025-10-21 20:52:47.624684
CVDSHCKVDNCNFAF,2025-10-21 20:52:47.629518
IVLFAWPQMLALLPV,2025-10-21 20:52:47.633437
TAYLHQWWSLMRVQW,2025-10-21 20:52:47.637725
LEIDVSWNMTIYYFH,2025-10-21 20:52:47.641498
WHAIYEPTYDDLHRW,2025-10-21 20:52:47.646076
NKCQNSEGEYYPYEM,2025-10-21 20:52:47.651032
MKDKVGSWADETRKR,2025-10-21 20:52:47.654830
LQLHVGENPKTGMAR,2025-10-21 20:52:47.658691
SIPRSPKGTHFPVEM,2025-10-21 20:52:47.663577
HVGRQQRSYDAYNKN,2025-10-21 20:52:47.667569
SYSCGDHGYNGRMNV,2025-10-21 20:52:47.671536
GVQMNCLVPVCVNAF,2025-10-21 20:52:47.675450
GAWIVCRCDETKMIY,2025-10-21 20:52:47.679539
HSSIHLTEERLHMVE,2025-10-21 20:52:47.683542
VFGRVRMRFVTVWRE,2025-10-21 20:52:47.687757
IYQLEGENEVCRSWQ,2025-10-21 20:52:47.691629
SNMCSMDCAVYWMCP,2025-10-21 20:52:47.697571
CPQSFADCQQDNSFM,2025-10-21 20:52:47.701833
WVVIRFRKENQDEKD,2025-10-21 20:52:47.706003
FPVDCECTGSTNHQI,2025-10-21 20:52:47.709939
NPVHAGASLHHHKTC,2025-10-21 20:52:47.713798
QRSFPHCTISLNATD,2025-10-21 20:52:47.718109
VKYIQPTYYDIDFCR,2025-10-21 20:52:47.722331
TWIYAMPEKELRKLS,2025-10-21 20:52:47.726255
HIAQDEFREEGPYQW,2025-10-21 20:52:47.734852
QWMCNCRHYRDKVMA,2025-10-21 20:52:47.739012
FYWYFIWQIEKVCAG,2025-10-21 20:52:47.743419
LQLDYMAYGRTPMPH,2025-10-21 20:52:47.747645
LHGPGAGSSAWQQQF,2025-10-21 20:52:47.751624
EGHIINTSRFPPQEY,2025-10-21 20:52:47.755918
IKIRLFYGQWPAARN,2025-10-21 20:52:47.760106
AVDAVRGRPPLFYYK,2025-10-21 20:52:47.764376
SDENEAYNLKWLGLD,2025-10-21 20:52:47.771209
SDAKMFPMLKSCKEI,2025-10-21 20:52:47.775563
SPACSEQIPRWSNMF,2025-10-21 20:52:47.780538
IDPMLETMFKNFDND,2025-10-21 20:52:47.784398
IRMYNCNKAMIGHAY,2025-10-21 20:52:47.789395
LWLPFKLPIPLMSQK,2025-10-21 20:52:47.794549
CNKCAHPGPTYWHQY,2025-10-21 20:52:47.799566
LYSGIKKYPWDEEHC,2025-10-21 20:52:47.804370
ILESPCFYTIDFSLV,2025-10-21 20:52:47.811149
DVAQNKGQIFPAKKE,2025-10-21 20:52:47.816923
SNCTTCRFKSMSDTG,2025-10-21 20:52:47.822329
MYTDHSVNFLSHPRM,2025-10-21 20:52:47.826749
RQRIMNTYKPLHEKC,2025-10-21 20:52:47.832579
ASYPRYDIYMTECER,2025-10-21 20:52:47.836840
ATWMGWVTMDCQIQM,2025-10-21 20:52:47.840892
YDVIKIRECLDPRKL,2025-10-21 20:52:47.844828
FRKFDKYKSCVFKYL,2025-10-21 20:52:47.851535
RCNVFRVCVHTHRAD,2025-10-21 20:52:47.856752
HVTHQFDNKDQDAGT,2025-10-21 20:52:47.861633
WTNKWCNNGDDPFVF,2025-10-21 20:52:47.865489
YLAYWVGVAAAGWSN,2025-10-21 20:52:47.869549
DTPGDHRQVTMLTEF,2025-10-21 20:52:47.873390
QKSECYENGIPQAGM,2025-10-21 20:52:47.876879
GIQDTFCAPMDEAWY,2025-10-21 20:52:47.880777
MPTFPMGGGLQIKKY,2025-10-21 20:52:47.884619
QSRYCQHMQCDPGMG,2025-10-21 20:52:47.888527
RFYGYMGLSGNEHEL,2025-10-21 20:52:47.894001
PNGQCTEIWCINFGS,2025-10-21 20:52:47.898041
PVMGATDDCLDPCTV,2025-10-21 20:52:47.902208
MPVLPCQFIHDDRGG,2025-10-21 20:52:47.906002
QQMSWQQECSAPYQW,2025-10-21 20:52:47.909832
DNYGFHFGWTPPKPG,2025-10-21 20:52:47.914258
VSFTFWDDTWWSIEF,2025-10-21 20:52:47.918653
RCGNDMMIGGCYPFI,2025-10-21 20:52:47.922403
ITTYHYVMVQETPNR,2025-10-21 20:52:47.926477
SRYLGVEFLVGTYHP,2025-10-21 20:52:47.930498
DSAIWWLEFDYHMTN,2025-10-21 20:52:47.934542
EYYRKLNDSTWRFHQ,2025-10-21 20:52:47.938509
YVKWRHPRNRPVLWH,2025-10-21 20:52:47.942480
EGMKDFCIHKGGTFP,2025-10-21 20:52:47.946515
NYPDLFCSMIGCAEY,2025-10-21 20:52:47.950577
PNLRHTLPIVYEGTI,2025-10-21 20:52:47.959105
TKEYLTQARGHDNMA,2025-10-21 20:52:47.963088
SNFTQQSNKKWMVHP,2025-10-21 20:52:47.966955
HRIIRTHELEWGKIG,2025-10-21 20:52:47.970905
PCSKEWRESNRTHAA,2025-10-21 20:52:47.974775
TGCVRCSFSSMDPAF,2025-10-21 20:52:47.978509
AFMLFPRVNGGGIHK,2025-10-21 20:52:47.982329
EFHLGFFCCPHQQND,2025-10-21 20:52:47.986613
YWKILCMADYICGFR,2025-10-21 20:52:47.990852
YQSGTNRNCKVIESL,2025-10-21 20:52:47.995471
QRKISSHSYNSFSRI,2025-10-21 20:52:47.999416
QAINMKLFSKACTVF,2025-10-21 20:52:48.003502
RITYTWFKGVHDFGI,2025-10-21 20:52:48.007678
HGLQEQRRFLEFMNY,2025-10-21 20:52:48.011826
GPAVASAQQACLGNI,2025-10-21 20:52:48.015745
HEPPPTCTVMRMQSP,2025-10-21 20:52:48.020405
NQENCLLIGPSSQRT,2025-10-21 20:52:48.028303
SWYIIRDWRMTDDIL,2025-10-21 20:52:48.032430
QPPYFIMVSIIPPEA,2025-10-21 20:52:48.036297
HHHIGNWRTFMNGGE,2025-10-21 20:52:48.040274
PQQTLSDTRVQNCHW,2025-10-21 20:52:48.045267
NWCECTFFIMPKVDC,2025-10-21 20:52:48.049411
EGESEHICFMVSYMQ,2025-10-21 20:52:48.053419
NLLAKDWEQPTYHWF,2025-10-21 20:52:48.060879
CCMYMAQCAELMSQL,2025-10-21 20:52:48.065616
SLADKCRWCVHFYCE,2025-10-21 20:52:48.069720
YVEGLYDTRCEIYMC,2025-10-21 20:52:48.074105
SIVQHWAYITMWFDM,2025-10-21 20:52:48.078467
AHINLMILPLDKEIH,2025-10-21 20:52:48.082569
CMAFHSKHTSEVTWQ,2025-10-21 20:52:48.086592
AYKLNFAYVGTSDNF,2025-10-21 20:52:48.090540
RRDRREKLKQFLINA,2025-10-21 20:52:48.103155
EAWQYTWNYYLPEHN,2025-10-21 20:52:48.109214
NLGTFNNCGIITHVL,2025-10-21 20:52:48.129264
MRSNDWFPQNFNKKC,2025-10-21 20:52:48.133465
TSKEQARSRIEIYQN,2025-10-21 20:52:48.138407
QHIIRVPPVNLGLFE,2025-10-21 20:52:48.142339
PNYAKYSATNLTCYF,2025-10-21 20:52:48.146903
WDMWSQYSLANFIDE,2025-10-21 20:52:48.150626
EATAYCREDYCSVFK,2025-10-21 20:52:48.154872
PKHDKIDMMKTCDQK,2025-10-21 20:52:48.158748
EFTKFQEFQMVKRWI,2025-10-21 20:52:48.163115
DIDANMTFACRTQVL,2025-10-21 20:52:48.167025
QCGRILEIYPATSMV,2025-10-21 20:52:48.171394
GIKRNYCGEAGYIHV,2025-10-21 20:52:48.175469
MIDRVYEINQDPPNK,2025-10-21 20:52:48.179439
WTPLWPDMAFSHHEY,2025-10-21 20:52:48.183414
MTAAKIIRADGLRRQ,2025-10-21 20:52:48.189252
QKYTFGTLVDREHHF,2025-10-21 20:52:48.195491
FILFPSALRHIWLDP,2025-10-21 20:52:48.200604
IKSCVPYDPGVGMGD,2025-10-21 20:52:48.205190
PVSDCSALQKAHPER,2025-10-21 20:52:48.209517
DWVSRNFPAFSGQPT,2025-10-21 20:52:48.215296
EYNFNFNWDCKLECT,2025-10-21 20:52:48.220226
SWTQCSAPARGVDWF,2025-10-21 20:52:48.226402
YDTTLFRNNSNRRSK,2025-10-21 20:52:48.231592
DEYSVHFCQWHQAGV,2025-10-21 20:52:48.238561
CTKFMAIGTTDDMDL,2025-10-21 20:52:48.242664
WDYYLIFDKHKISAD,2025-10-21 20:52:48.247206
VWHSERIDEHTNMVL,2025-10-21 20:52:48.251397
ADRYGGNSYCHNIMA,2025-10-21 20:52:48.255523
TKYSHMPVRHVCGAI,2025-10-21 20:52:48.259600
FRCCEAFWLMNALLW,2025-10-21 20:52:48.264573
IYEYFHTGSMQHWTY,2025-10-21 20:52:48.271798
KQGKQYQNGMNQMDC,2025-10-21 20:52:48.278637
EVVNKSYVTRSSEYS,2025-10-21 20:52:48.284507
IIYMLPIILIQCRRY,2025-10-21 20:52:48.288534
PGEEQEWHHNVVMNA,2025-10-21 20:52:48.293211
FMKVEKYHVFFHGQM,2025-10-21 20:52:48.299006
YNANIWSSGKKGAFG,2025-10-21 20:52:48.303302
WHGFQILLNRMVSWA,2025-10-21 20:52:48.307558
QHHASTGNTHMAMKR,2025-10-21 20:52:48.318450
RIANHKVYLFDPADA,2025-10-21 20:52:48.323089
YVNLQVPSVMVLWTK,2025-10-21 20:52:48.327275
EEMWNACKNYRNNGP,2025-10-21 20:52:48.331306
TACWMEKYISPSSWN,2025-10-21 20:52:48.335678
TTLCMTLCWRMILDL,2025-10-21 20:52:48.339943
SYHSPYCVRGGLEEK,2025-10-21 20:52:48.344130
SMEPDVGKNIVICRS,2025-10-21 20:52:48.348211
DSPINMRYDICMGGT,2025-10-21 20:52:48.357060
GCIQIRGMRCAKKHH,2025-10-21 20:52:48.361300
LMECPDVYSNKLTFS,2025-10-21 20:52:48.365309
RTGWQAPTAGWNSMA,2025-10-21 20:52:48.369349
FPKAEWKKQDWHQWA,2025-10-21 20:52:48.374671
PTYVMCFGPDPHVTN,2025-10-21 20:52:48.378563
YTGMNSLFGFYAVVE,2025-10-21 20:52:48.383040
WWHNSTNYEANKQTM,2025-10-21 20:52:48.387000
NEHDKDNHPKAVEDA,2025-10-21 20:52:48.391931
PSNCIMRRGRKAIVS,2025-10-21 20:52:48.397505
FWIEFQQPEIPYGFY,2025-10-21 20:52:48.401580
QICHNFSWNQVFHAH,2025-10-21 20:52:48.405485
WEFIRIMVRNPLSVW,2025-10-21 20:52:48.410282
NQWKCDYEVMNPKYW,2025-10-21 20:52:48.414544
WTFMKFGLMEQTVSS,2025-10-21 20:52:48.418424
SCHVGFHCMIGEKCD,2025-10-21 20:52:48.422588
NHMFRAKGSGEQGPH,2025-10-21 20:52:48.428835
PHPPIFGNKMALKIE,2025-10-21 20:52:48.433511
RMHTDRGWWAKQPQM,2025-10-21 20:52:48.437667
QVLKYFQIGIRNLLK,2025-10-21 20:52:48.441476
FVETPMHSHENRCEV,2025-10-21 20:52:48.445743
VPKCGTHTTMQDCPH,2025-10-21 20:52:48.449630
TYPDMQRQIDVIHVE,2025-10-21 20:52:48.453596
CMLRMKTHIYKSDHA,2025-10-21 20:52:48.457443
TNDQGQSVGCDGVMH,2025-10-21 20:52:48.461353
TMCQEMDWFIGSEGQ,2025-10-21 20:52:48.465919
MMCFAPCKCVDPWDK,2025-10-21 20:52:48.469786
PETWNLKKLWYYSPM,2025-10-21 20:52:48.473739
QEAWPYYMDYASHFD,2025-10-21 20:52:48.477747
MSEVQRGRHEVTCGT,2025-10-21 20:52:48.481458
SLPERWVHPAVDWNE,2025-10-21 20:52:48.485113
FHKQLFTHPPHDPYY,2025-10-21 20:52:48.488604
SCYFFVEHQNLPKAM,2025-10-21 20:52:48.495006
CPFYMTAPWTDVNHD,2025-10-21 20:52:48.499051
DCWCEQASHDKYWLM,2025-10-21 20:52:48.503287
MHDGCFSYRVCEATG,2025-10-21 20:52:48.507191
PALARMSQRNQYRDD,2025-10-21 20:52:48.514321
HNIITKSQDHLNWCF,2025-10-21 20:52:48.518556
IYPWKWGVCHFLMYW,2025-10-21 20:52:48.523126
CCCLYCCFYHRTWGL,2025-10-21 20:52:48.527401
ERDLNYYTKSHTIIT,2025-10-21 20:52:48.532505
VHEPCQCLKKPTVSH,2025-10-21 20:52:48.536911
HWANHKSYYWRHNKD,2025-10-21 20:52:48.541205
NHRMQLEGFMAENDP,2025-10-21 20:52:48.545376
YDLRAQEIRDLVNMH,2025-10-21 20:52:48.551680
TLDQNAYFVCWRDIF,2025-10-21 20:52:48.555296
CMVKTKEKRVITKIK,2025-10-21 20:52:48.561388
EQAHWQAGTEQLGSM,2025-10-21 20:52:48.565376
GQYISGHWKGQAESI,2025-10-21 20:52:48.576127
KIRSNHDLKADMSIP,2025-10-21 20:52:48.580005
HYEESVRTHTCNASM,2025-10-21 20:52:48.584022
PERWADTCINRTFNP,2025-10-21 20:52:48.587833
HQSCAVYKVYIDRKS,2025-10-21 20:52:48.592277
YGVMDFNSNHANHIP,2025-10-21 20:52:48.596913
GRANNLGEGRQNDPC,2025-10-21 20:52:48.601040
DPHVNAWVVKDPRRE,2025-10-21 20:52:48.605254
QCHFYTMGRACASSY,2025-10-21 20:52:48.614063
TQQAPNPCAHRKKGG,2025-10-21 20:52:48.618489
QWQRFSTPHWITSDR,2025-10-21 20:52:48.622591
WTWHKTKGPCGVNAT,2025-10-21 20:52:48.626532
MNRTIEKMGMCIVFH,2025-10-21 20:52:48.631732
MKFSHIHRYTWGQGF,2025-10-21 20:52:48.635868
AWLWVKLVWITSEPI,2025-10-21 20:52:48.640522
SLQWKMGPSDNVQLQ,2025-10-21 20:52:48.644570
AKQSEPYWGRWNRDP,2025-10-21 20:52:48.649869
WKHCMDHLRYIKTVI,2025-10-21 20:52:48.654273
TTWSCTCAHTMRFAD,2025-10-21 20:52:48.658446
ASLTLQVMHWKKFYL,2025-10-21 20:52:48.662573
NMGIVQRTPRVNGST,2025-10-21 20:52:48.666602
CRFVPGTKENEGTHD,2025-10-21 20:52:48.670503
MVKKRSFGNFCHPHM,2025-10-21 20:52:48.674339
DRCGDANLEWTIDNT,2025-10-21 20:52:48.677896
HYMQNAGTCQVQIVF,2025-10-21 20:52:48.682198
NDWCDKYDWHFVPYK,2025-10-21 20:52:48.686586
NTIWVCVVCNECYRM,2025-10-21 20:52:48.690536
MKKAYIPDQGNCYHF,2025-10-21 20:52:48.694354
GSVAGYLPRLRYIVF,2025-10-21 20:52:48.698846
FQLNFVEQGRMPKFN,2025-10-21 20:52:48.702842
DHTIKESPDWMFEWC,2025-10-21 20:52:48.706797
SDCIFGFQNWLEHAV,2025-10-21 20:52:48.710918
ALYWQMTAEYKQAQK,2025-10-21 20:52:48.717280
MKIKNAAAFHWRITM,2025-10-21 20:52:48.721427
NKTYRLFHNMHQWTM,2025-10-21 20:52:48.725419
GMELRIRSTCHVDFS,2025-10-21 20:52:48.729388
GNNRRSNPVSDMCGA,2025-10-21 20:52:48.733260
PQPCNYVFLFNVNHY,2025-10-21 20:52:48.737239
FYDLFQMCNLTNERR,2025-10-21 20:52:48.741192
GRLEVLEEGYMVRHA,2025-10-21 20:52:48.744798
SPQSLWDVFETYLMP,2025-10-21 20:52:48.753442
WHSEMRTKIYTQEVG,2025-10-21 20:52:48.758234
DHSYNFANNASGLWC,2025-10-21 20:52:48.762537
TKTFSLNVTIMTRST,2025-10-21 20:52:48.766402
KPQVLIEAQFFHKIQ,2025-10-21 20:52:48.770577
VQKKCGDGNFVWQSL,2025-10-21 20:52:48.775181
GSQDAMLYVSNAQTW,2025-10-21 20:52:48.780144
AHHHYHRELKCQTYT,2025-10-21 20:52:48.784499
LMQKEILNQRYPMHI,2025-10-21 20:52:48.789696
CQVYYPCTHHLPWGR,2025-10-21 20:52:48.796027
MQQEPIPEWWDNTTR,2025-10-21 20:52:48.801442
CPFDPHDMKGKYDHP,2025-10-21 20:52:48.805456
IWEQHAKVWVSGYRW,2025-10-21 20:52:48.810195
NHNVAFQYETKGVEH,2025-10-21 20:52:48.814027
AVITHQMLRRCITYM,2025-10-21 20:52:48.817923
DMRYRISGICLITMS,2025-10-21 20:52:48.821802
SGWNCAVMICAPNER,2025-10-21 20:52:48.827722
GCHMRQNEWFVYEAP,2025-10-21 20:52:48.832742
PGEVVIMYFHMRMFV,2025-10-21 20:52:48.839263
ACQDTAWWPKQIQWN,2025-10-21 20:52:48.843253
NSWDPKIRMPKERWV,2025-10-21 20:52:48.847613
SIRSVQAAFCGYIVK,2025-10-21 20:52:48.851572
YMCEGGDARVFHFKE,2025-10-21 20:52:48.855309
PKVRRTKFIDDKYII,2025-10-21 20:52:48.858934
ISDEENGNPEVQFML,2025-10-21 20:52:48.863195
IREMQCCNYCMEIVC,2025-10-21 20:52:48.867699
LQVAHPALHWIHQGE,2025-10-21 20:52:48.873392
FLYQRMRQMLWSCWI,2025-10-21 20:52:48.878038
EYMHVRTAHQQDSWA,2025-10-21 20:52:48.882343
GCGIPACFPKKHPLY,2025-10-21 20:52:48.886275
ICDLGCSMCLFWLYH,2025-10-21 20:52:48.890332
LHMKQNKRQIGVTPE,2025-10-21 20:52:48.894578
SFLGRFTGQGGGTVS,2025-10-21 20:52:48.901905
RGVQHMVAIAMSKNP,2025-10-21 20:52:48.910340
TDLFSTQNERLVFYI,2025-10-21 20:52:48.916532
LKQEIWFANLHWHCG,2025-10-21 20:52:48.920385
GDIFFQVGDMVMYLL,2025-10-21 20:52:48.925448
WGSTWGMLEPSITSV,2025-10-21 20:52:48.929830
TPQMTTIMKMHWASQ,2025-10-21 20:52:48.933729
HDIAKDGNHSGGMVF,2025-10-21 20:52:48.938163
EDQYLTMPKEKPQPM,2025-10-21 20:52:48.945294
NGWQIRINHNLKRQK,2025-10-21 20:52:48.951493
AWDSGRLMDWQDPMH,2025-10-21 20:52:48.955509
LFTAMMCIWPTSWGP,2025-10-21 20:52:48.959354
LMFFQFWEQRGRNEG,2025-10-21 20:52:48.964349
CADPHVPVYCGGWYN,2025-10-21 20:52:48.968480
TWSHNKTEDYDTITK,2025-10-21 20:52:48.973778
THNQCGCDHVSQDIR,2025-10-21 20:52:48.977610
VRHVKEVLTVICYTS,2025-10-21 20:52:48.984560
GKVPCANYQVMQDCN,2025-10-21 20:52:48.989656
AILWMCSHHGKMELS,2025-10-21 20:52:48.993711
DHEYPTVTSQPNIAT,2025-10-21 20:52:48.998311
KPQEGAGFRIGVEHF,2025-10-21 20:52:49.009498
EPPMVCNMELMPCFK,2025-10-21 20:52:49.015086
VWADHQSGPNQCQCV,2025-10-21 20:52:49.019215
WISYMEPSNQCDCIR,2025-10-21 20:52:49.023294
TMKAGQHYMISYSIR,2025-10-21 20:52:49.027604
GFWPCEEYHVPCEQT,2025-10-21 20:52:49.032590
QNDYRNYSMIILSDA,2025-10-21 20:52:49.036948
EMHCRMWGFDNWADA,2025-10-21 20:52:49.041127
PKHPAYSSCSPRMMH,2025-10-21 20:52:49.045397
WCKTPWNATLSYKCH,2025-10-21 20:52:49.049524
FDIKYEMWIAWAYTK,2025-10-21 20:52:49.053737
TTVACKDFPTKTPVC,2025-10-21 20:52:49.057646
CMYWCYNHYYMSYKT,2025-10-21 20:52:49.062100
TEYLWFCTCCSIMWT,2025-10-21 20:52:49.070234
GMVCQTDKSNANQRI,2025-10-21 20:52:49.074420
LYWSQIMFCKEMETD,2025-10-21 20:52:49.080774
SFEVMKTYDRKYEEC,2025-10-21 20:52:49.088216
VSDQIHLYMELNHCY,2025-10-21 20:52:49.094605
LPHWSQMAGFNIPKT,2025-10-21 20:52:49.099651
IFARVPSRAPVHGFW,2025-10-21 20:52:49.104030
KYLMDPERWRKGNSK,2025-10-21 20:52:49.110357
LDIGATCHRRQRKTQ,2025-10-21 20:52:49.115553
LMYTMHHLTICPCAL,2025-10-21 20:52:49.120451
FEWMGPNQQSRFRIV,2025-10-21 20:52:49.124594
ACWKCAPYEVPFVKP,2025-10-21 20:52:49.129226
CSMEWMWLKEQVKDA,2025-10-21 20:52:49.133922
SCRKGRWHDSRWGWH,2025-10-21 20:52:49.138121
LNIPENYNNATWVII,2025-10-21 20:52:49.142057
KTAKTHDIASTICLY,2025-10-21 20:52:49.158148
CSWCVAESDHWSRVK,2025-10-21 20:52:49.165301
LTQLRNYWEATGWCS,2025-10-21 20:52:49.169390
CSPLYMYLWHYTGFY,2025-10-21 20:52:49.173395
CLGAFKASPPQNLLQ,2025-10-21 20:52:49.177839
PESQSWMVDTIQGPR,2025-10-21 20:52:49.182138
NKDCFDGELTMECEW,2025-10-21 20:52:49.186785
QRPYPQVGIKFYSSA,2025-10-21 20:52:49.190801
QRSAYGPGHESAIHS,2025-10-21 20:52:49.195580
TTYNWLQLMPYMCDI,2025-10-21 20:52:49.209807
LACCEVYPQQNREHI,2025-10-21 20:52:49.214020
MTYDCYDNTTDVVNR,2025-10-21 20:52:49.218008
QSHNELEIFRAPRYL,2025-10-21 20:52:49.222143
MMEERTKRNQNGIIN,2025-10-21 20:52:49.226480
GEELQLQTYWTNNAR,2025-10-21 20:52:49.230325
KNAVIVHSIKVQDCM,2025-10-21 20:52:49.235072
KVIDWSYPTDEGMDK,2025-10-21 20:52:49.239226
DEAEKDEWLEAECVH,2025-10-21 20:52:49.242992
LVFATWITDTAFYWD,2025-10-21 20:52:49.246868
PRWQTPKRSSNSEMI,2025-10-21 20:52:49.250718
QINWWQMCFTCGDPK,2025-10-21 20:52:49.254797
PMDWWAIAQQFLEKW,2025-10-21 20:52:49.258658
SLAMDTCASVVLRDP,2025-10-21 20:52:49.262227
PMIPREYVYNYDHRE,2025-10-21 20:52:49.266009
KDECFCVMMIMPAHY,2025-10-21 20:52:49.271006
EQSMSYECNITHIYP,2025-10-21 20:52:49.275943
CPTCVMNDIYKLRES,2025-10-21 20:52:49.281310
ARSTPTWHCPGKDAT,2025-10-21 20:52:49.285120
FTKEYVNWWHVNDGC,2025-10-21 20:52:49.289917
EMHCMTIDEQVKKVW,2025-10-21 20:52:49.294041
ESAMSAIAKHCSPHG,2025-10-21 20:52:49.298827
YISVGREDLNWGTQQ,2025-10-21 20:52:49.302901
TAGLVWIFENKVVNA,2025-10-21 20:52:49.308871
HAIQAIGLLVCIPKG,2025-10-21 20:52:49.316112
VTPAKGLKYWYLRPW,2025-10-21 20:52:49.320386
YRYTESANFAQLLDI,2025-10-21 20:52:49.324899
PRLAMGRVTDFVCWN,2025-10-21 20:52:49.328831
FDTPPENLNVNKQGS,2025-10-21 20:52:49.333010
MMPASNCCITLEFPA,2025-10-21 20:52:49.337806
QYTENHGGSSNGYAN,2025-10-21 20:52:49.342238
HHQLSWMRKTHNMNP,2025-10-21 20:52:49.347671
KTAMVFTIMAKIYSH,2025-10-21 20:52:49.352884
GEPQNNYNNKYELCI,2025-10-21 20:52:49.356904
TIRVVYPRMYSGTNF,2025-10-21 20:52:49.360812
NEILWWCQLMSYKCQ,2025-10-21 20:52:49.366902
GWIAMTAYNPPMGTI,2025-10-21 20:52:49.371293
WTMDYCGQPVDIFPQ,2025-10-21 20:52:49.375445
NIHSVPKVKKPREYC,2025-10-21 20:52:49.379436
TPMTWIVRTDWAMDN,2025-10-21 20:52:49.383577
QGCDWTAETCHKLAS,2025-10-21 20:52:49.389018
FHFRHPHPFVRHRVD,2025-10-21 20:52:49.393579
SEMQGSRQYYRFVPM,2025-10-21 20:52:49.397654
PKVHPKKKQFAEPKQ,2025-10-21 20:52:49.402116
GEMKTKCQNCMSIEM,2025-10-21 20:52:49.406388
CVNMWTQHYVKWRDS,2025-10-21 20:52:49.411393
QYNVVEVTRTIRMEE,2025-10-21 20:52:49.415345
KDYGAIPDFNNYPFY,2025-10-21 20:52:49.422094
MHGHNDVSDWLLYIK,2025-10-21 20:52:49.426452
KEQGQSWPLIAWGNK,2025-10-21 20:52:49.430546
MWQCVIIGKVQAHMY,2025-10-21 20:52:49.434417
DQHICWILTSRLDQG,2025-10-21 20:52:49.438332
SACENRAPCGKLCWS,2025-10-21 20:52:49.442507
KRNQGKSEGPHFLEW,2025-10-21 20:52:49.446950
WVNTCSQKVHQTTMT,2025-10-21 20:52:49.451586
TKCNQVAHIASFMYP,2025-10-21 20:52:49.459809
SFYGYPDGHEIHMKS,2025-10-21 20:52:49.465184
LDFRSEYVDVILFFD,2025-10-21 20:52:49.469303
AWKMKIMMNERSLID,2025-10-21 20:52:49.475270
CPIIHCKKLPYHQPQ,2025-10-21 20:52:49.479754
SRPAYRQGQMVHDQH,2025-10-21 20:52:49.484159
RDLGQFSHDDSLRKG,2025-10-21 20:52:49.490291
MVWEVMECGIWLLTV,2025-10-21 20:52:49.499542
KQSNCYNGMIDCREV,2025-10-21 20:52:49.515004
VHKTFHSETKYKNKF,2025-10-21 20:52:49.523811
YGYAPYMMGVMSVGQ,2025-10-21 20:52:49.528179
HEPALDGMQMYLNLQ,2025-10-21 20:52:49.532234
DYHKAIGLIYWPWMI,2025-10-21 20:52:49.536449
QARRKCQIGAKDMTA,2025-10-21 20:52:49.541088
AWEWIVFRPTFPWYM,2025-10-21 20:52:49.545013
NWINSPENCCHSFYH,2025-10-21 20:52:49.549022
FFEAPHEMDFLRSVA,2025-10-21 20:52:49.553021
FFDDVCQPEGSFFNA,2025-10-21 20:52:49.557130
HHRILRHSGRVKMSW,2025-10-21 20:52:49.561120
LQNSGMPWYIGTNAP,2025-10-21 20:52:49.564805
QCMFEYCTQYWDINW,2025-10-21 20:52:49.568913
RAANYGYVMSIYPKR,2025-10-21 20:52:49.573132
LIEPKRMVRACQNQI,2025-10-21 20:52:49.578680
HLLTTHGTILQHTTV,2025-10-21 20:52:49.583617
YNFKSWIDTIMCFTE,2025-10-21 20:52:49.590719
MEAKYCLGQMNFQFY,2025-10-21 20:52:49.597112
YHYEMFLNQRTWWDT,2025-10-21 20:52:49.602174
WSPSHDYYGIGEYER,2025-10-21 20:52:49.606710
HIRTKKLACHNNLTA,2025-10-21 20:52:49.610639
WKKGYNQKIFRFVLP,2025-10-21 20:52:49.615528
WPAKANDRVAFPVQL,2025-10-21 20:52:49.619546
KMIMYCNHNRMQRRG,2025-10-21 20:52:49.623310
KSVVKHHYIHCAQGF,2025-10-21 20:52:49.627797
VMDERRAYDQPFFGP,2025-10-21 20:52:49.633564
ANINWEECHFSKEDG,2025-10-21 20:52:49.637552
RLFPDSIHNVSAMED,2025-10-21 20:52:49.641441
GGFVMKSVSAEETYT,2025-10-21 20:52:49.645813
HEAFRYTHVCKMESW,2025-10-21 20:52:49.649585
VPVYEHWGTFTKQKH,2025-10-21 20:52:49.653514
VRALRHQFGRVEWIR,2025-10-21 20:52:49.657299
RDMVCLGLLAFKRHC,2025-10-21 20:52:49.666319
YYTMVSATWDYHCEH,2025-10-21 20:52:49.670866
IYMMVLACRDKLKWT,2025-10-21 20:52:49.676584
PKWDEIIEKCICLQG,2025-10-21 20:52:49.680595
MNLMYTIMRIAWPTA,2025-10-21 20:52:49.684585
CQESPMTCHHDSLEN,2025-10-21 20:52:49.688358
WPWHPANEFIWRHFR,2025-10-21 20:52:49.692882
QTCDYIMIFALTHYS,2025-10-21 20:52:49.697321
IESVDHHIMGCGTCM,2025-10-21 20:52:49.701739
TCMRLREKCSRVGCG,2025-10-21 20:52:49.706030
QVWEIHSYFRTLCDV,2025-10-21 20:52:49.710255
CADETCIKKYQPTHC,2025-10-21 20:52:49.714431
RWILVVCMSPAREID,2025-10-21 20:52:49.718310
RKHVYWDLMHAYIKE,2025-10-21 20:52:49.724100
LQNCWEPDWATTYLS,2025-10-21 20:52:49.728127
QLFEDWCFGPKSLVT,2025-10-21 20:52:49.732272
VSRINSNHSSWLGGA,2025-10-21 20:52:49.736483
HAHCQQYEGAINRWD,2025-10-21 20:52:49.741064
EKEMERARRSGKKGK,2025-10-21 20:52:49.745163
LWDNPQYKRVPALGI,2025-10-21 20:52:49.748966
DMRKSAGMDMCKDDY,2025-10-21 20:52:49.752957
YWPMKCMISDWCLCW,2025-10-21 20:52:49.756823
EKPWQKENGACHRYT,2025-10-21 20:52:49.760808
EYNKYCWWMFEMCTC,2025-10-21 20:52:49.765124
RTGVNEKWWPMNGPR,2025-10-21 20:52:49.769782
PKGLQLTCYMKLLGG,2025-10-21 20:52:49.774379
FKTGDYPMMHHMSWN,2025-10-21 20:52:49.778278
VWIHETNASFVKHFI,2025-10-21 20:52:49.782196
QICWSWGTKAHWFGS,2025-10-21 20:52:49.789728
TEQLFVTWTRQENMN,2025-10-21 20:52:49.793934
YFITGLLRDFNGNEI,2025-10-21 20:52:49.798295
DYADNGIDKGIQYSI,2025-10-21 20:52:49.802523
ENMYVCLDNSRICLV,2025-10-21 20:52:49.812848
QWDKTIDYGKHISHG,2025-10-21 20:52:49.817906
SAHWCLFGMINQADG,2025-10-21 20:52:49.821934
GKMSRSADTLSWRVP,2025-10-21 20:52:49.827650
AIYDLLNSTGLWQYE,2025-10-21 20:52:49.831577
HQPMYMFKTSRAGCD,2025-10-21 20:52:49.835647
SMPPKNASSQLKHPW,2025-10-21 20:52:49.839630
LMAWNHTYQMKHPGN,2025-10-21 20:52:49.843594
FAAVKCDCHRSHYPP,2025-10-21 20:52:49.848840
CLWSKYCTLGGHPDE,2025-10-21 20:52:49.853733
ISDCRESHQCDVVHG,2025-10-21 20:52:49.857714
AKVYMKWMWEQHMFG,2025-10-21 20:52:49.862541
YPRYPHNFKMKNFTM,2025-10-21 20:52:49.866587
TFCEPMLAEQILVSD,2025-10-21 20:52:49.871271
CGCILFFKGGFIKNC,2025-10-21 20:52:49.875276
CWRPSITFKIMHIRK,2025-10-21 20:52:49.880521
MCILLCTVMNQYFSE,2025-10-21 20:52:49.884769
TAQMENQAQSKVADG,2025-10-21 20:52:49.889352
LVDWPEQLHKTGFVK,2025-10-21 20:52:49.894723
SRKLCMTWVELASGW,2025-10-21 20:52:49.899879
CEVCIPVTCFYPSVP,2025-10-21 20:52:49.905869
WTTNRFRYKLVWYNN,2025-10-21 20:52:49.910957
CEGYCCNNTGDNAQK,2025-10-21 20:52:49.915722
IETALKMWKMMKQYA,2025-10-21 20:52:49.919703
DGRVMFCDYRHVLRV,2025-10-21 20:52:49.924721
EAWNSYWEIAPIATA,2025-10-21 20:52:49.929282
LAHFWPMTGGDSRDC,2025-10-21 20:52:49.933479
PASQRRDSDYGMHTW,2025-10-21 20:52:49.937902
SHQTELDDDHPYMRD,2025-10-21 20:52:49.941987
KWEWQFEERVIMGQP,2025-10-21 20:52:49.945853
SPADQTSYPVYYVYY,2025-10-21 20:52:49.949844
VAPQYTMGRNPKSWD,2025-10-21 20:52:49.953964
IYKYKSINHHHIWEC,2025-10-21 20:52:49.958932
PHTCNDFCTHYNGPD,2025-10-21 20:52:49.964360
EKGKVQPEISLPYEG,2025-10-21 20:52:49.968318
NSNWSALNGVACAWN,2025-10-21 20:52:49.972506
QTKKTDREQAIISGR,2025-10-21 20:52:49.976495
HAEEPCYNKDMCATL,2025-10-21 20:52:49.980344
QVGSARFLSTDRCHE,2025-10-21 20:52:49.984070
CLMRKTWFISEVVRM,2025-10-21 20:52:49.988355
CNKEFQDAFAIIEKM,2025-10-21 20:52:49.992831
SVKQISHGGMIMSTE,2025-10-21 20:52:49.997342
HKWGWDLCSEQCEAD,2025-10-21 20:52:50.001334
HVPCCAPWTCEAQSF,2025-10-21 20:52:50.006306
GQFCQTGMIVTYSAS,2025-10-21 20:52:50.016953
IILPTIRPVQAYRFH,2025-10-21 20:52:50.023280
PHYHMPQKFNVTFID,2025-10-21 20:52:50.034323
CATKGREAGHMWHQL,2025-10-21 20:52:50.040307
LEDPEYMMWEPTKIY,2025-10-21 20:52:50.044969
KHEKYNLVNKLCQCK,2025-10-21 20:52:50.049287
DEWNKTRHAVTVDFG,2025-10-21 20:52:50.053208
WGRTYCVSTYARCRI,2025-10-21 20:52:50.057634
QAVDILHWAYTYHNF,2025-10-21 20:52:50.061814
MGGDYLGGDYDCKFQ,2025-10-21 20:52:50.066590
WRVCWHMAAVYMVQF,2025-10-21 20:52:50.071110
CMSQTIIYTYTIMVA,2025-10-21 20:52:50.076028
AYYNAENVIWAVFQA,2025-10-21 20:52:50.081022
WKDSECGFCNRNAPA,2025-10-21 20:52:50.086332
SSNYHTCLSHESCIM,2025-10-21 20:52:50.090697
WDSLVGNAFSDSLQF,2025-10-21 20:52:50.094735
ADTWSRSDPTQSCIN,2025-10-21 20:52:50.100827
SDEPHPRHKGIHSTY,2025-10-21 20:52:50.105341
IVWADTSSLHASTFP,2025-10-21 20:52:50.110215
CAQRMWCQPKNFYYA,2025-10-21 20:52:50.114398
DILISVGHPLNHTRN,2025-10-21 20:52:50.119570
HGPIFAPKNWFMMNQ,2025-10-21 20:52:50.125634
AAVFIMLVPTQQGWD,2025-10-21 20:52:50.131332
SFWHSQFIWIPMLGY,2025-10-21 20:52:50.135498
HPRIFDTPYRMETKA,2025-10-21 20:52:50.143121
ADSKNRNWPIWMWHL,2025-10-21 20:52:50.147405
LCGTISDECAPKRQA,2025-10-21 20:52:50.151414
QIMYTALHLYDWVEG,2025-10-21 20:52:50.155338
LKRPLGSSAQQGDQT,2025-10-21 20:52:50.160012
IQSFSADNKFQYPGE,2025-10-21 20:52:50.165301
KWGHMIDNAFWVAVN,2025-10-21 20:52:50.169295
YSDVQMLWRFVEDTT,2025-10-21 20:52:50.174210
HNNVMMMCKWQCWPP,2025-10-21 20:52:50.180526
DNMWLYMEYPHTSQK,2025-10-21 20:52:50.184766
HLGHCLKDNRMAMYV,2025-10-21 20:52:50.188615
HRDCYGLKDTHYQHH,2025-10-21 20:52:50.193674
VETRCWGSKLNPNSQ,2025-10-21 20:52:50.199142
MHRTAWHHPGYNQLD,2025-10-21 20:52:50.205434
GLYHYHREVNSGGPM,2025-10-21 20:52:50.209765
IYPLATSLVQGPSLK,2025-10-21 20:52:50.214359
AAICVWYIMQFFWTI,2025-10-21 20:52:50.218857
SESITAVDRDVTSTD,2025-10-21 20:52:50.222789
LTISQANRIQERHHP,2025-10-21 20:52:50.226647
QYFITREEFSFSKWY,2025-10-21 20:52:50.231143
APDENWLSFGPKCHA,2025-10-21 20:52:50.236306
VDYDFNLWHHWHNPE,2025-10-21 20:52:50.241121
AMTPTRDSVESHPRK,2025-10-21 20:52:50.244939
CVNRVGLNDDGMGPP,2025-10-21 20:52:50.249786
EQCESDAEIFVQTTE,2025-10-21 20:52:50.253883
HREWFPTRCFGINEP,2025-10-21 20:52:50.258516
CGEDHRLRECCDSCW,2025-10-21 20:52:50.262659
KIAWLKYNGEYTSSR,2025-10-21 20:52:50.266886
YAVPYMKRYHLFQVD,2025-10-21 20:52:50.271817
ITRRQCTIEQSWKVE,2025-10-21 20:52:50.277569
EMINVPCDMHNQWIN,2025-10-21 20:52:50.283448
IHSVWYCLYTAMMSH,2025-10-21 20:52:50.288012
GPTTPQCPQWLMWLS,2025-10-21 20:52:50.293402
IMECKVEVFMPHCSN,2025-10-21 20:52:50.298185
SWPNNIMMSDMTGWI,2025-10-21 20:52:50.302877
WTLCDNSLWIHQWQC,2025-10-21 20:52:50.307394
TKVYWFEFKAHENTK,2025-10-21 20:52:50.311899
NLHTGVLQSWEIYGH,2025-10-21 20:52:50.316145
TQMIDTVKWPPAIAV,2025-10-21 20:52:50.320671
YLQTNNCESWLNSAG,2025-10-21 20:52:50.324699
ASKTDHAKRHLRGRL,2025-10-21 20:52:50.328894
WLLWKYMKPDGLKNW,2025-10-21 20:52:50.335810
FMHPTDQSENYQQHS,2025-10-21 20:52:50.339991
VTYMGYFVALRTDGG,2025-10-21 20:52:50.344327
HKNNVYIIEVSSLGW,2025-10-21 20:52:50.349947
WCGIDCWHKRQRPCP,2025-10-21 20:52:50.354118
PHNATVAMDQSCGQW,2025-10-21 20:52:50.358003
RCKGVLLIQKHDQQL,2025-10-21 20:52:50.361848
GTGVTWPKSPNMCCS,2025-10-21 20:52:50.365807
KRIAPICKVQESQWI,2025-10-21 20:52:50.370002
LISCDCEVFMGTEWM,2025-10-21 20:52:50.374242
EKPTGSFDPVQQKHS,2025-10-21 20:52:50.379494
CMWETMKLQWAVHHY,2025-10-21 20:52:50.384574
DFLSVARNHKWRRVI,2025-10-21 20:52:50.389599
FALIKLEKFPQKTCN,2025-10-21 20:52:50.393697
ARWWRAFSSDCSIIV,2025-10-21 20:52:50.397634
GRRGARPFQYWHEVV,2025-10-21 20:52:50.402872
IEFWEDFFWCNKFLQ,2025-10-21 20:52:50.407786
YWCRNPCPMHIRLVK,2025-10-21 20:52:50.415243
SCINHLYRYFDHKVV,2025-10-21 20:52:50.419762
ESDQGFETPYNCHRH,2025-10-21 20:52:50.423567
RDNNQVWSAVCHWES,2025-10-21 20:52:50.428659
TPYEIACDWRQKDIR,2025-10-21 20:52:50.432879
ANYLNLELGTMMCLT,2025-10-21 20:52:50.437552
WEWKIGPWPYIWIFF,2025-10-21 20:52:50.441453
SKLRAPGHTCVIMVY,2025-10-21 20:52:50.446253
YRHHESLNVSPSAAS,2025-10-21 20:52:50.450256
RSQNFPYGNWGGRSI,2025-10-21 20:52:50.454888
LLCPFVIPDEGYNDN,2025-10-21 20:52:50.461225
FCEPILHEHVWIHQY,2025-10-21 20:52:50.467179
CKMREVMNETKWIDT,2025-10-21 20:52:50.473706
WAAGYLAVGLGGWNT,2025-10-21 20:52:50.478879
VRTSMNGDELPSAGH,2025-10-21 20:52:50.483266
EASCNMFGEGHEWRA,2025-10-21 20:52:50.487810
GGQVSECYTNVLEIM,2025-10-21 20:52:50.491843
DVTDAWSYAEWPNDY,2025-10-21 20:52:50.496215
HTKNEAHNCQCRALA,2025-10-21 20:52:50.502057
YTTQLDRFMDEFHVT,2025-10-21 20:52:50.511874
HKAEMQHDCMDSYKT,2025-10-21 20:52:50.521812
VCIWLYTAANVWHYA,2025-10-21 20:52:50.533827
DRVGTNFSVVTMPAS,2025-10-21 20:52:50.538758
YISLFNTAGRPWPNN,2025-10-21 20:52:50.546927
WAGAECMGCVIKWFS,2025-10-21 20:52:50.553887
SEWVVWVHADMKHVL,2025-10-21 20:52:50.558527
VFNEMGITLNIRDSG,2025-10-21 20:52:50.564739
SSFLDYGTGGQDDNQ,2025-10-21 20:52:50.569392
HLLDQCPMSIYQANY,2025-10-21 20:52:50.573298
DICDAWFAFIPLHEF,2025-10-21 20:52:50.577319
ETYWNWFSINNLNTQ,2025-10-21 20:52:50.581423
HRQFGTNFGQVQQYV,2025-10-21 20:52:50.585452
SGCSCLQTGDETFQW,2025-10-21 20:52:50.589292
VMPPELTCLNFAMPC,2025-10-21 20:52:50.594408
QNSRCMFCCCQFRPN,2025-10-21 20:52:50.598698
QQTAWWEADHDACYE,2025-10-21 20:52:50.603308
WTYYYRCKHCTGLVD,2025-10-21 20:52:50.607933
PEPGEMLCKCWHVVF,2025-10-21 20:52:50.612864
RTCRRSITWEEYAQV,2025-10-21 20:52:50.618201
TVNALVVVPKAPNHD,2025-10-21 20:52:50.622748
RFTSKTGKPWRDKKP,2025-10-21 20:52:50.626780
LTHPRTLPGSKIMRE,2025-10-21 20:52:50.631205
WWLWIGCQYRNCTQY,2025-10-21 20:52:50.636008
DKEDEHITYPRNVVQ,2025-10-21 20:52:50.641576
QFWKQWSGDHSEQVI,2025-10-21 20:52:50.645531
LWQGEGKIDQCCAWK,2025-10-21 20:52:50.650094
RMRTESWTNSFQILH,2025-10-21 20:52:50.654234
CVTAAITSISLSVLF,2025-10-21 20:52:50.660277
DVLCFAWEMTEGKQV,2025-10-21 20:52:50.664860
NFHPVSQITWFQIIE,2025-10-21 20:52:50.669578
GKVGRLASQCWCWQD,2025-10-21 20:52:50.673800
CQLRLWWGHQVFIGD,2025-10-21 20:52:50.677955
WMDTKCHHTKRRVYP,2025-10-21 20:52:50.682078
DKHIYSIAPLKRQWM,2025-10-21 20:52:50.692034
FTPECMTVYHEASYP,2025-10-21 20:52:50.696032
KVSDFWNTQWWMMLI,2025-10-21 20:52:50.700366
GRLFVDIQKSYCDSG,2025-10-21 20:52:50.704407
MRTHPCSGHKLYIFW,2025-10-21 20:52:50.710800
TNRGISPRHYTGIKC,2025-10-21 20:52:50.721908
FLPLCQARRGVMQQI,2025-10-21 20:52:50.727614
KSHCLRMCIFWQLDV,2025-10-21 20:52:50.731671
MCMDEDGETWAEVND,2025-10-21 20:52:50.735934
GTRQITGIWIERDMF,2025-10-21 20:52:50.739780
YHAVMNNAQRDHMHI,2025-10-21 20:52:50.743663
KPVTLLCNGQNYNLC,2025-10-21 20:52:50.747438
LPLGYNGWMPVRHKI,2025-10-21 20:52:50.751425
HRECVRPTLFRTAMF,2025-10-21 20:52:50.758715
QASQWFFCTAFCEKG,2025-10-21 20:52:50.765610
QERTNKPISYVEKKL,2025-10-21 20:52:50.769610
DTCHKLIFNLDQVRL,2025-10-21 20:52:50.773669
GVHWIKLWWCKLHME,2025-10-21 20:52:50.778249
DNLRMWNITNKQNNE,2025-10-21 20:52:50.782917
YFHWHLECYKDNPWY,2025-10-21 20:52:50.786549
MHLCMPQHILMERCP,2025-10-21 20:52:50.790494
ECHESQYYRWECAIC,2025-10-21 20:52:50.795777
QDSSEYCISSKGIQY,2025-10-21 20:52:50.800220
HEVMQLFHFHTSGDS,2025-10-21 20:52:50.804385
NIETNPEPWYKGNLL,2025-10-21 20:52:50.809020
LQLSDEQQFRCENFA,2025-10-21 20:52:50.812916
CCISEWDADVNVAGI,2025-10-21 20:52:50.816991
EDDNSMDMEVHQTNW,2025-10-21 20:52:50.821663
FGYGYDPKVFSSMKC,2025-10-21 20:52:50.826078
PSEARVQPHDHVRIG,2025-10-21 20:52:50.830773
RPPPHNCMQDGTSPP,2025-10-21 20:52:50.841783
AADMKEMPINAWTMF,2025-10-21 20:52:50.845682
QQWPVGFDDHSKPCD,2025-10-21 20:52:50.849446
TMPCSPMYMVNVSTA,2025-10-21 20:52:50.853969
EDKNCNRLGDLWNHA,2025-10-21 20:52:50.857890
VGGCGCMDTKKRIDG,2025-10-21 20:52:50.861599
TCVQLRHITYVYEMV,2025-10-21 20:52:50.865675
PTRKFPLPWGFFEPC,2025-10-21 20:52:50.870566
KQYKQMLKNTAHSVD,2025-10-21 20:52:50.875585
RFDNSYIIAVKHTKT,2025-10-21 20:52:50.880381
SQCGRQHECVHAWWT,2025-10-21 20:52:50.885712
HVIIQVNMKSKIVQH,2025-10-21 20:52:50.890910
CYQNYMVTTHCYDVW,2025-10-21 20:52:50.895607
RFFKVKCRYNHIACF,2025-10-21 20:52:50.899804
KWIKVHFNLFQPDFV,2025-10-21 20:52:50.906561
WIGSIEWPWNCEHMN,2025-10-21 20:52:50.911159
PQCHKKIIGTMTDAH,2025-10-21 20:52:50.916348
DFNCNIRMCGWMDMH,2025-10-21 20:52:50.920270
DFHSCNGWYCEEWGA,2025-10-21 20:52:50.924198
SYLPQTPEGSNYVKC,2025-10-21 20:52:50.928703
VNINWVTHGISCQKT,2025-10-21 20:52:50.932297
RSAVPEDVSNDPLIP,2025-10-21 20:52:50.935818
RWLHVTVEDRDREKR,2025-10-21 20:52:50.942581
FYPNQQKEWYINNSC,2025-10-21 20:52:50.947525
LTSNRAYSERWWISA,2025-10-21 20:52:50.953276
FSLSNIGRTRNVMGI,2025-10-21 20:52:50.957372
QEGCKKVVANADCWW,2025-10-21 20:52:50.961581
EPMGRIWIWPLLYWV,2025-10-21 20:52:50.965606
ICKRWSAAKWSECKI,2025-10-21 20:52:50.969812
LQRLEVRMVMYNKIL,2025-10-21 20:52:50.973524
IMSSVNEYPGNMDRK,2025-10-21 20:52:50.977519
ILEAQCVTARNRKLL,2025-10-21 20:52:50.982606
MVITECAFYVNHKKQ,2025-10-21 20:52:50.987557
MTERAAEGGRWHGYV,2025-10-21 20:52:50.991440
TPYNPRVACYNHGDT,2025-10-21 20:52:50.995337
AKPDIGTASFPGMPE,2025-10-21 20:52:51.002928
YLFRWAYFTHKHWVL,2025-10-21 20:52:51.007022
VCVLSYQKNSNPPWF,2025-10-21 20:52:51.010812
NTWIQRNYEWSVDMI,2025-10-21 20:52:51.014834
GSMDEIPRYESMCGM,2025-10-21 20:52:51.018799
SNYCRQLSYDGNVPE,2025-10-21 20:52:51.023560
LVNQLKYHDDFQIDL,2025-10-21 20:52:51.027625
DAKPWALKQVRSNPG,2025-10-21 20:52:51.031663
TDVYCPTMKQHNKGH,2025-10-21 20:52:51.035956
IEYRTYTDMFQGKTF,2025-10-21 20:52:51.039838
AVHHLNLCMGKLFIP,2025-10-21 20:52:51.043603
KNHCPFVMTGHKWDR,2025-10-21 20:52:51.047807
CHRVTVQIHMCVMQF,2025-10-21 20:52:51.058089
QCIMNPQQRQKCWNR,2025-10-21 20:52:51.063175
LECCRMRKIQACWHF,2025-10-21 20:52:51.067426
WCQKADWVWQNITRC,2025-10-21 20:52:51.071337
NVNLNLCGICEAGTS,2025-10-21 20:52:51.075987
VRYLDMQCKISAREH,2025-10-21 20:52:51.079889
KYMVMQQPIVMWWVA,2025-10-21 20:52:51.083591
WENMEQTLHDSDDPR,2025-10-21 20:52:51.087510
ASSMSTSYVDMDISI,2025-10-21 20:52:51.093650
SEINEQKNVFGDVKE,2025-10-21 20:52:51.099421
VKNAGGMDTDYYPGT,2025-10-21 20:52:51.103629
QRCNAQQPWWKVTQC,2025-10-21 20:52:51.107666
KFLALVVNHLYRSKM,2025-10-21 20:52:51.112141
GFKNYLTFMGNKALD,2025-10-21 20:52:51.116260
FMHWMPQHQEWRDLC,2025-10-21 20:52:51.120352
PENKFHRILQPMFIA,2025-10-21 20:52:51.125666
RAHSMMIGRYKRICL,2025-10-21 20:52:51.131581
WSSENLGDWQKGVSA,2025-10-21 20:52:51.136442
CAYFAFLFHTLRCVP,2025-10-21 20:52:51.140372
VMRMTQVTLKIGIVC,2025-10-21 20:52:51.144375
ARRVHQFTAPKFDWQ,2025-10-21 20:52:51.148404
SDIWFCQVTWEWSKV,2025-10-21 20:52:51.152389
YRILVAIRKSIAHIK,2025-10-21 20:52:51.156230
PGNQIENLQRDWKVV,2025-10-21 20:52:51.160287
PRGPFFTEYYIMYPA,2025-10-21 20:52:51.166368
DSNYCNQPKNCENAK,2025-10-21 20:52:51.170730
IWVGRGTFHCFLCHV,2025-10-21 20:52:51.174668
VDRWRTLSRVRGEWI,2025-10-21 20:52:51.178570
ADCQTNTRCPVPELK,2025-10-21 20:52:51.183243
GSINPEWACWRPYVQ,2025-10-21 20:52:51.187568
QMFCWWNLYHANTTR,2025-10-21 20:52:51.191632
EWLEEFAYHGQVTTG,2025-10-21 20:52:51.195713
DISTEWTDFRDTQYD,2025-10-21 20:52:51.201572
RLTHAHNQQRSQVPG,2025-10-21 20:52:51.207260
TPKWRWQSVTVKQFS,2025-10-21 20:52:51.213798
RCKQCRAGDVSKVGM,2025-10-21 20:52:51.218489
VLGVMSMIARCQVST,2025-10-21 20:52:51.224449
GWHETPWRADENYHT,2025-10-21 20:52:51.228407
KIATSWNEQCLPYPC,2025-10-21 20:52:51.232322
FTMCALVNRWEYDAM,2025-10-21 20:52:51.236337
EPTPRDMACSEDMNC,2025-10-21 20:52:51.247222
DYVAEVMVTWEPCAC,2025-10-21 20:52:51.252460
DLACQWQKCMYAISP,2025-10-21 20:52:51.256441
FVMFFVASDQCLVMT,2025-10-21 20:52:51.260378
WLYNAGRCTLIVKMP,2025-10-21 20:52:51.264777
EKKYLHCQSLKEYAK,2025-10-21 20:52:51.268741
WGKMLKSPCDEQNDH,2025-10-21 20:52:51.272598
WWGYSICYSHAYMVP,2025-10-21 20:52:51.276522
SFPQNRKHCILIINV,2025-10-21 20:52:51.286755
QIWYIMEEPMQSLSR,2025-10-21 20:52:51.292400
HEQRAKSKKHYHHQI,2025-10-21 20:52:51.296282
KSTMREFYKAHPAIV,2025-10-21 20:52:51.300340
CGHCCFAEFGLGTCK,2025-10-21 20:52:51.304598
HHMQMFRQLCWRTGR,2025-10-21 20:52:51.309145
EAGHEVCGVHTNDKL,2025-10-21 20:52:51.313737
LYREPDPVDVAQMDD,2025-10-21 20:52:51.318631
TLVWIGKVHGFDHIM,2025-10-21 20:52:51.323573
YYARMQMTHVGCCQI,2025-10-21 20:52:51.329508
GRYPKALAMEYWPWE,2025-10-21 20:52:51.333572
RQDQEMNVERIQMNE,2025-10-21 20:52:51.337484
DGRLSATLNPKPHSM,2025-10-21 20:52:51.342448
TWINKWCHAFQFSWM,2025-10-21 20:52:51.346616
RDLDGRWFSIPHMQI,2025-10-21 20:52:51.352993
TMHALYSGWLDGFEE,2025-10-21 20:52:51.363645
HPFDYAVCGQGWEGY,2025-10-21 20:52:51.370225
CHEYGQLHENCVLDT,2025-10-21 20:52:51.376214
REGRAHARIIDYVIT,2025-10-21 20:52:51.385261
QSWIATQVHENIWPQ,2025-10-21 20:52:51.405752
LMHIFIDKQMFWLKA,2025-10-21 20:52:51.412711
WYKGMMDVMFAGVIG,2025-10-21 20:52:51.419303
VSCDTECAYVTDIQG,2025-10-21 20:52:51.425690
ILLWWVTNVTHHFER,2025-10-21 20:52:51.430136
VFQCQFFFMVQPCYS,2025-10-21 20:52:51.435406
RNSKTVKQECCWYKI,2025-10-21 20:52:51.446161
QSASGHMLWALRTEL,2025-10-21 20:52:51.450252
KNFWLGYMLQLIEIA,2025-10-21 20:52:51.454612
CNIGGSVRNVLMWIP,2025-10-21 20:52:51.458550
IKPTKFYAVTWDEDS,2025-10-21 20:52:51.463010
WMKKIMVYGENWSIE,2025-10-21 20:52:51.467611
GKVQVMFCMITIRKC,2025-10-21 20:52:51.471489
CFQCMFMACGRQSNE,2025-10-21 20:52:51.476533
TLYSDMVWPKQWSWF,2025-10-21 20:52:51.482438
WDWNVSDIQANGIAQ,2025-10-21 20:52:51.486381
EQMPAGWFSQQLHVV,2025-10-21 20:52:51.490616
HKCRSQVETYIYVSA,2025-10-21 20:52:51.494870
LYNILEIGYRWAEYW,2025-10-21 20:52:51.500037
RTMSPEAQKQCSMQM,2025-10-21 20:52:51.509826
ASHWKTKGIQQQMNR,2025-10-21 20:52:51.514735
LREDPTPAIQPATPP,2025-10-21 20:52:51.521390
DAHRIMHWNSANIFM,2025-10-21 20:52:51.526857
SQFYDDTAVKETVDS,2025-10-21 20:52:51.530891
PLRMANNLLCMEFSP,2025-10-21 20:52:51.535212
PVCVPGTYYSDSMNY,2025-10-21 20:52:51.539477
PVETRNHPKHYCFRN,2025-10-21 20:52:51.543642
HMMVRKSIIEGKKWN,2025-10-21 20:52:51.547219
FSMCQWRPNWSNKKV,2025-10-21 20:52:51.551574
GCTLYWDAEHYQFRF,2025-10-21 20:52:51.564893
RKHGCMRLFKAMLYN,2025-10-21 20:52:51.571432
CPKASFNDERGKDIL,2025-10-21 20:52:51.586549
QIMRLKINQELFAQS,2025-10-21 20:52:51.590408
WEYHHYTPDLSEHME,2025-10-21 20:52:51.594692
GYCYWNQNNTLKKSS,2025-10-21 20:52:51.598827
ILYGCTRCCDMAQGM,2025-10-21 20:52:51.603640
EFNKRITLSWMFREI,2025-10-21 20:52:51.607625
QLEPADYISWFLMGS,2025-10-21 20:52:51.614083
AKYPFNVPQGFKCRG,2025-10-21 20:52:51.618609
THIVHMARLYELNCN,2025-10-21 20:52:51.623465
TRSILYTYYTTGWWQ,2025-10-21 20:52:51.627551
AVLSHDEMVQCWDYI,2025-10-21 20:52:51.632580
LFNHQDNIDHMSSRD,2025-10-21 20:52:51.636519
WWKTNISKFVNQSIH,2025-10-21 20:52:51.640377
DTTQCKGEWTGYLWH,2025-10-21 20:52:51.644300
RTFFNFWSYEWCHIA,2025-10-21 20:52:51.649778
NTQLRWQGIFYRPTC,2025-10-21 20:52:51.653870
CGQYLDHAHYDETAD,2025-10-21 20:52:51.657634
GRMKHHGVMAKNNHT,2025-10-21 20:52:51.661687
EMGDYYNCRINETMS,2025-10-21 20:52:51.665521
MMYAMVTFRNLYEWV,2025-10-21 20:52:51.669364
LFIPYIHPVRFDRFS,2025-10-21 20:52:51.673988
IMDSHSWFSWMVAQH,2025-10-21 20:52:51.677627
EAYYEPHWRGDVMNN,2025-10-21 20:52:51.683235
TARDTQSEINQNHGK,2025-10-21 20:52:51.688269
VWVNDHWLKLMLRQC,2025-10-21 20:52:51.692659
EIVDDARLMMVSPRG,2025-10-21 20:52:51.697230
FGRHMVIIFPVNNWG,2025-10-21 20:52:51.702366
EELPCYSTPYNVSIR,2025-10-21 20:52:51.708575
KMTPDLCVSLLACSR,2025-10-21 20:52:51.712486
WNYSNSRVSFNGEME,2025-10-21 20:52:51.716670
HKCIYEKFTAMHYLS,2025-10-21 20:52:51.721855
YENVASNRPKCSYID,2025-10-21 20:52:51.727571
LYQCYMAMEQAIFCQ,2025-10-21 20:52:51.731449
RHDVPWRYWWATEGM,2025-10-21 20:52:51.735237
SYEQIYFKLMQYHNQ,2025-10-21 20:52:51.739830
HTTVVFAQNNYHLYG,2025-10-21 20:52:51.743709
FMQRETKFMYYRECQ,2025-10-21 20:52:51.748235
STHSCAPPMNGNSFE,2025-10-21 20:52:51.752401
KAVCQIGCRVGQAKL,2025-10-21 20:52:51.757243
IIHPWLNWYDSEQYI,2025-10-21 20:52:51.761398
IQQWWILCYDKIHDP,2025-10-21 20:52:51.765508
NSMQWMNEKDATASH,2025-10-21 20:52:51.770001
NMCWHTSAFPHSYNG,2025-10-21 20:52:51.774281
VHENMCDRELNHAQM,2025-10-21 20:52:51.778568
EKLSMDEGKDLDMRL,2025-10-21 20:52:51.782422
MCFEYCTNVQVDSMH,2025-10-21 20:52:51.786477
MDYDPWDCNQFFCIG,2025-10-21 20:52:51.791301
KDNCKFPEAEANNSF,2025-10-21 20:52:51.796998
NSQIQSEFEVDGSGK,2025-10-21 20:52:51.804705
FPNDWTCNKWFWLAV,2025-10-21 20:52:51.808709
CLPWWWFPGHTVMLE,2025-10-21 20:52:51.812784
VVNDGIVRLSLGNGA,2025-10-21 20:52:51.817483
ILAHINIPYTYMMFT,2025-10-21 20:52:51.821305
RWCLMPCVLCLCHVP,2025-10-21 20:52:51.825569
PDLQSMDHYGHDRTY,2025-10-21 20:52:51.831152
KYEDRQTHWAERSVD,2025-10-21 20:52:51.838475
RMLMRNYDHMDRHAF,2025-10-21 20:52:51.842945
NSHWFAPTIRKWYNN,2025-10-21 20:52:51.847301
YSCMCNRKGVAQAVC,2025-10-21 20:52:51.851296
WCHNNPGLCPPDNYI,2025-10-21 20:52:51.855348
DCLFTCVHFQAYKWM,2025-10-21 20:52:51.859307
HQRHPCMSENLEDTQ,2025-10-21 20:52:51.865325
SNSGEWTSSVDANCS,2025-10-21 20:52:51.873458
QPCYRNCDDYCNIWQ,2025-10-21 20:52:51.878049
MNSMAEDQVCPFVQD,2025-10-21 20:52:51.882568
THNWCGWPMISTVFK,2025-10-21 20:52:51.886525
LRYCTMKCGNVYPVW,2025-10-21 20:52:51.890485
DFKCFCPLNQYCKIF,2025-10-21 20:52:51.894461
ITYVMHHIQMICRDY,2025-10-21 20:52:51.904962
VDCEPQLMGYEIPMY,2025-10-21 20:52:51.910348
RRPWPKSMMDTMGQM,2025-10-21 20:52:51.916325
TDMHPHCNIPQRMHC,2025-10-21 20:52:51.921019
AMSRTHTPCAPVQIR,2025-10-21 20:52:51.925535
WTCNGKSITPIQYEY,2025-10-21 20:52:51.930296
LSKTVHAQIETYPHN,2025-10-21 20:52:51.934925
QCRLTTMEFMNNCWM,2025-10-21 20:52:51.939384
KEQPYQTRPFWGAQK,2025-10-21 20:52:51.943318
CMAIYLEDPWENVTT,2025-10-21 20:52:51.947304
DYAFEGVELWDQPER,2025-10-21 20:52:51.953807
YAMDKECKTFCCEPY,2025-10-21 20:52:51.958168
AIYHGDTYQIHSVLW,2025-10-21 20:52:51.962294
KIMFTCQTAWHCILD,2025-10-21 20:52:51.973030
YGEMDTKASGWNFKL,2025-10-21 20:52:51.977846
IRMTWEWPHNYNCGD,2025-10-21 20:52:51.982291
ALACAQGCFAYMRQV,2025-10-21 20:52:51.986348
AWIRAWDQKRVMETH,2025-10-21 20:52:51.990324
LTPQYPVVNEQNFEH,2025-10-21 20:52:51.995628
NCNCGKSMLIHPEAH,2025-10-21 20:52:52.000803
TPEDETVNGFQPDQR,2025-10-21 20:52:52.004738
VMMHVAELWWSYMGI,2025-10-21 20:52:52.008810
SCGRFGYSMCLVNHE,2025-10-21 20:52:52.018529
KRCCNWRDGQWPDNF,2025-10-21 20:52:52.022783
YNCLFWAHMPEDTKP,2025-10-21 20:52:52.028877
METCGWQASHMETWN,2025-10-21 20:52:52.033844
KAFYVQFFVGWFWRC,2025-10-21 20:52:52.040724
CYYCCTWKHTNTSGS,2025-10-21 20:52:52.048586
FRDINWQLMENFLFM,2025-10-21 20:52:52.052883
WVPVSLYMKPEINEQ,2025-10-21 20:52:52.056845
MSNFGFSWSQLHHMQ,2025-10-21 20:52:52.066488
RNAQTYVFQGREYVL,2025-10-21 20:52:52.070419
WRIQEQEIYCLVEYI,2025-10-21 20:52:52.074324
FTWGMIWCQAEGWHH,2025-10-21 20:52:52.078311
NAHNGVGFDYQHKCC,2025-10-21 20:52:52.084349
KYVSQDTYQHNIFML,2025-10-21 20:52:52.089451
RPNIKMLKVNRYVYE,2025-10-21 20:52:52.093517
KNRGVNYVSGIVNHL,2025-10-21 20:52:52.097545
LGTTCLIMGKIMYRA,2025-10-21 20:52:52.103641
RQIDCHNAHWCGATD,2025-10-21 20:52:52.107629
VFSSHFIMFEDTQLE,2025-10-21 20:52:52.111864
FHCGIDQLCRMSHFA,2025-10-21 20:52:52.117333
LTRIAAVRKYCWNCH,2025-10-21 20:52:52.122472
PYMETFGTTWLTMVR,2025-10-21 20:52:52.127805
TWHCQNHVVLKNVRR,2025-10-21 20:52:52.131601
SVKSQTCWTNIIAYE,2025-10-21 20:52:52.135384
NTIMPSSWYQTVFMK,2025-10-21 20:52:52.140058
VMVIMMDHEDDIHHV,2025-10-21 20:52:52.143950
ISTQATINSFADNNV,2025-10-21 20:52:52.147785
EWFVGFVAHWTSAAW,2025-10-21 20:52:52.151647
RPKYHGWDERATQFQ,2025-10-21 20:52:52.156440
CWSLFTKGMIASDCH,2025-10-21 20:52:52.160430
NTDCIWCCNHSVCIG,2025-10-21 20:52:52.164734
IWTPVDQQTETGFRK,2025-10-21 20:52:52.169269
GTTDQYCQWQMVIDV,2025-10-21 20:52:52.174648
DYREKSHMHSFRGDN,2025-10-21 20:52:52.178560
CDELVQKVLFSCKAY,2025-10-21 20:52:52.182367
WYRPFKCTVFNDARR,2025-10-21 20:52:52.186362
MQNYDYYWTKICWFE,2025-10-21 20:52:52.192811
HNFQLHAHKIYGSHA,2025-10-21 20:52:52.204294
PILFEQQGYNYVIFP,2025-10-21 20:52:52.209245
MCDDVYLCVPNTKCG,2025-10-21 20:52:52.214097
YSSDHMPKDCPFMHW,2025-10-21 20:52:52.219779
WKGNVTKTLFRPLAG,2025-10-21 20:52:52.233181
WYMVAWWWQMKWKQV,2025-10-21 20:52:52.236994
CHEMQDGQWNNMRYC,2025-10-21 20:52:52.241132
RLLWDRNKYPCKQDW,2025-10-21 20:52:52.250811
QATCKEPTGLFARQN,2025-10-21 20:52:52.256799
PQYGFRANSSRFEFK,2025-10-21 20:52:52.260643
IELGQCQGQKEIMTD,2025-10-21 20:52:52.266609
ISWCCDSQNSMHLVS,2025-10-21 20:52:52.270746
DFAFQGQWPGGEKHQ,2025-10-21 20:52:52.274471
AGFNKESSWAQPEHI,2025-10-21 20:52:52.278370
DFLNVCKAYDNAAPC,2025-10-21 20:52:52.282640
MIHFIREWWLHHLTV,2025-10-21 20:52:52.292671
PCWLSKATFYDWCFP,2025-10-21 20:52:52.298822
KCCCDGKQFFPNWCE,2025-10-21 20:52:52.306815
CAILFCKYQRVCDED,2025-10-21 20:52:52.311645
EMVCISEIIANRCDP,2025-10-21 20:52:52.317847
FYRQSHPRGNYFLGG,2025-10-21 20:52:52.321766
VNFSPVVDVMDTVCT,2025-10-21 20:52:52.325688
KKWWGIWKDEQSPDI,2025-10-21 20:52:52.329683
REVGNVRKKVNDYTP,2025-10-21 20:52:52.337494
DTFSLINAHTCFFNK,2025-10-21 20:52:52.341702
DYDNGHMYFLLGHEP,2025-10-21 20:52:52.345482
FLFAMGMIFHWRPCP,2025-10-21 20:52:52.349342
FHPNYEPSSYTGWEQ,2025-10-21 20:52:52.353573
PRRNQQCMENVRRIG,2025-10-21 20:52:52.357257
MQKNRVFQTQYLQWD,2025-10-21 20:52:52.361087
GYIETSFRYTLLACH,2025-10-21 20:52:52.365239
DMKMTFYPGPKQLGF,2025-10-21 20:52:52.370000
RPDDGYLTWHFHEQT,2025-10-21 20:52:52.374119
ETMQLIQCVGAVMRT,2025-10-21 20:52:52.378172
YSIHCHPKPWNEATN,2025-10-21 20:52:52.382169
DFTAFHWYPANESDY,2025-10-21 20:52:52.386153
PKIYNMGGDEALKHK,2025-10-21 20:52:52.390128
EVGGDSGNPGTYRQR,2025-10-21 20:52:52.394162
NYSNPKRCFLDLLLF,2025-10-21 20:52:52.398114
FMMRLPSLNITWLQE,2025-10-21 20:52:52.403648
IQMKVTSHEEGVLMI,2025-10-21 20:52:52.408905
RKMAQNMWWITWWFN,2025-10-21 20:52:52.413154
NQRNSPVYLKNAQLF,2025-10-21 20:52:52.416939
ESLRLNQIGPRNEAA,2025-10-21 20:52:52.420773
TSMPWMLEMWANDTC,2025-10-21 20:52:52.424763
RIHWFMCIYRSDMLM,2025-10-21 20:52:52.428956
NDMEKKIVPLYCGMK,2025-10-21 20:52:52.434274
FISQTAEFMMNQKLV,2025-10-21 20:52:52.440580
YRFIAYHSKMSSYNT,2025-10-21 20:52:52.446514
RKWTVCINPREERLI,2025-10-21 20:52:52.451152
ILPAKNNGRNVHSHG,2025-10-21 20:52:52.455243
GNHTPWQNNYFPGTK,2025-10-21 20:52:52.459590
GWCDVWEMSLAWIPH,2025-10-21 20:52:52.463434
RTWMKPWSIVPVTGQ,2025-10-21 20:52:52.467328
TDHANWPSLDDPNMT,2025-10-21 20:52:52.471410
KRHCKEYISNAEAEF,2025-10-21 20:52:52.476658
EVWFLKKCRIKRYRA,2025-10-21 20:52:52.481211
SHIQMVEQFAPALST,2025-10-21 20:52:52.485342
MYTHQKLPTQEDVYW,2025-10-21 20:52:52.489430
KATPTWDWRFKKKKI,2025-10-21 20:52:52.493962
IVVYYHIHAHVFEFV,2025-10-21 20:52:52.498223
LIWLYVPVPPYGMAA,2025-10-21 20:52:52.502713
